MessageRecieved,NoShowRate
false,0.16703533926762965
true,0.27574544839637