Condition,NoShowRate
Diabetes,0.18003273322422259
Hypertension,0.17301958625751113
Alcoholism,0.20148809523809524
Handicap,0.18161535029004908
NoCondition,0.209275507049956
