DayofWeek,NoShowRate
Mon,0.20648058466144228
Tue,0.20093603744149766
Wed,0.19689179263153825
Thu,0.19354090566475329
Fri,0.21226142278773857
Sat,0.23076923076923078
