AgeGroup,NoShowRate
Child (Under 18),0.21903648781913146
Young Adult (18-29),0.24616480385711154
Adult (30-49),0.20858609426038263
Older Adult (50-70),0.16372132241857851
Elderly (Over 70),0.15840429254636651
