SchedulingDelay,NoShowRate
Same Day,0.066362078812107372
Next Day,0.23821561338289962
Same Week,0.25364276540147923
Over 1 Week Away,0.31225437656305821
2 or More Weeks Away,0.32718753571292525
